id	ResolutionFiniteGroup_ms	ResolutionGenericGroup_ms	ResolutionNormalSeries_ms
1	10	12	11
2	25	5	6
3	17719	21	18
4	8211	34	39
5	164	38	41
6	84	38	32
7	162	18	29
8	2962	34	52
9	96	37	53
10	103	36	50
11	30006	38	52
12	103	41	52
13	382	69	71
14	26038	42	49
15	25	40	29
16	29	64	30
17	92	13	11
18	DIED_3GB	28	27
19	DIED_3GB	29	26
20	81	27	31
21	1005	23	33
22	311	23	32
23	285	30	29
24	1736	29	29
25	DIED_3GB	58	60
26	29	18	18
27	43	18	13
28	DIED_3GB	27	26
29	95	22	16
30	3384	50	45
31	2730	182	60
32	206	61	71
33	248	71	87
34	198	123	86
35	1234	131	88
36	DIED_3GB	243	167
37	3831	176	106
38	1995	15	102
39	DIED_3GB	26	183
40	694	16	112
41	26835	37	123
42	30676	46	116
43	DIED_3GB	70	173
44	79	27	22
45	60	60	43
46	DIED_3GB	54	122
47	66	13	85
48	26278	14	80
49	46	15	90
50	42	17	15
51	47	24	21
52	61	17	217
53	3924	22	244
54	1640	25	245
55	143	11	10
56	498	22	19
57	438	22	18
58	393	30	26
59	1821	27	28
60	1118	34	30
61	461	35	31
62	9716	38	29
63	DIED_3GB	70	63
64	DIED_3GB	72	69
65	209	39	36
66	2337	42	32
67	1386	39	36
68	DIED_3GB	77	72
69	DIED_3GB	73	66
70	787	37	37
71	1057	40	36
72	DIED_3GB	78	73
73	DIED_3GB	106	97
74	1425	63	59
75	DIED_3GB	112	103
76	1362	68	64
77	DIED_3GB	120	113
78	DIED_3GB	118	129
79	1547	63	64
80	10684	69	58
81	DIED_3GB	126	121
82	DIED_3GB	130	125
83	157	12	14
84	213	22	21
85	84	24	19
86	535	22	18
87	421	26	21
88	991	38	35
89	39373	49	33
90	418	40	44
91	3689	44	45
92	996	41	48
93	528	40	46
94	DIED_3GB	72	99
95	1171	60	49
96	700	48	59
97	3007	48	45
98	463	170	59
99	5968	57	52
100	DIED_3GB	90	89
101	450	67	66
102	DIED_3GB	101	90
103	232	34	28
104	139	49	44
105	5173	43	38
106	216	41	56
107	486	45	53
108	544	40	56
109	19284	47	55
110	179	40	55
111	DIED_3GB	69	88
112	173	35	29
113	43639	35	29
114	19866	33	27
115	292	22	18
116	824	38	34
117	212	39	37
118	7044	58	49
119	730	52	46
120	14848	59	43
121	259	91	52
122	DIED_3GB	171	108
123	1460	90	55
124	308	72	52
125	DIED_3GB	197	116
126	177	23	20
127	1130	37	35
128	648	44	132
129	2530	46	68
130	6482	48	68
131	5882	45	69
132	10279	52	77
133	DIED_3GB	113	140
134	2000	95	80
135	DIED_3GB	183	163
136	DIED_3GB	181	150
137	DIED_3GB	188	150
138	967	67	71
139	11555	68	78
140	795	206	87
141	2962	94	73
142	547	88	73
143	3136	88	75
144	DIED_3GB	152	141
145	DIED_3GB	165	137
146	416	43	71
147	374	47	73
148	685	47	76
149	255	53	72
150	23701	55	76
151	DIED_3GB	109	146
152	30048	98	78
153	1465	133	118
154	1392	145	119
155	67639	129	109
156	DIED_3GB	163	145
157	3698	161	135
158	DIED_3GB	170	141
159	DIED_3GB	154	137
160	92944	168	130
161	DIED_3GB	173	134
162	DIED_3GB	164	130
163	DIED_3GB	174	134
164	DIED_3GB	166	139
165	DIED_3GB	165	144
166	DIED_3GB	170	142
167	DIED_3GB	137	139
168	DIED_3GB	150	140
169	462	75	78
170	DIED_3GB	163	149
171	DIED_3GB	155	153
172	DIED_3GB	178	165
173	103	53	86
174	542	56	86
175	291	59	92
176	DIED_3GB	81	133
177	DIED_3GB	95	134
178	DIED_3GB	107	145
179	28543	96	89
180	DIED_3GB	141	136
181	58927	91	104
182	110990	101	90
183	193	18	17
184	220	33	29
185	92	33	27
186	293	27	129
187	1447	32	129
188	314	29	132
189	118	28	126
190	DIED_3GB	33	172
191	118815	37	132
192	838	16	20
193	1939	48	39
194	808	42	35
195	1017	46	35
196	1335	48	41
197	991	44	40
198	916	47	36
199	23377	46	45
200	16603	58	39
201	30181	45	34
202	3125	58	54
203	1083	68	66
204	1293	75	70
205	2584	63	65
206	28565	82	64
207	3096	84	76
208	1187	73	69
209	DIED_3GB	103	96
210	7404	71	66
211	1086	74	72
212	542	75	69
213	572	69	70
214	6203	69	77
215	DIED_3GB	112	106
216	9635	107	98
217	DIED_3GB	114	106
218	85833	103	116
219	DIED_3GB	114	109
220	DIED_3GB	116	108
221	DIED_3GB	112	107
222	DIED_3GB	112	111
223	DIED_3GB	109	104
224	23430	88	82
225	3566	119	111
226	50447	99	93
227	20921	111	89
228	3887	111	99
229	4080	106	97
230	23193	108	99
231	62377	101	95
232	DIED_3GB	104	102
233	DIED_3GB	106	97
234	DIED_3GB	111	105
235	73311	108	96
236	DIED_3GB	110	103
237	DIED_3GB	105	102
238	DIED_3GB	113	103
239	DIED_3GB	111	104
240	DIED_3GB	117	109
241	233602	128	117
242	DIED_3GB	134	130
243	DIED_3GB	111	129
244	DIED_3GB	134	135
245	DIED_3GB	127	137
246	1129	29	26
247	715	66	58
248	1391	59	52
249	DIED_3GB	45	43
250	1328	83	121
251	2189	92	263
252	1869	88	120
253	538	86	122
254	741	98	123
255	4907	98	129
256	DIED_3GB	72	93
257	4154	87	101
258	5041	92	235
259	24891	93	113
260	4515	33	37
261	5855	91	87
262	3673	91	87
263	2288	94	82
264	3478	95	90
265	4866	101	95
266	DIED_3GB	84	79
267	16705	86	80
