id	RFG_1.70_ms	RFG_1.79_ms	RFG_1.79_wall_to_death_s	RGG_1.70_ms	RGG_1.79_ms	RNS_1.70_ms	RNS_1.79_ms
1	10	3		12	5	11	5
2	25	4		5	4	6	4
3	17719	5		21	21	18	17
4	8211	25		34	33	39	34
5	164	22		38	35	41	36
6	84	9		38	13	32	27
7	162	21		18	13	29	23
8	2962	35		34	18	52	43
9	96	17		37	19	53	45
10	103	10945		36	19	50	40
11	30006	391		38	18	52	47
12	103	11		41	23	52	42
13	382	17		69	23	71	43
14	26038	217		42	22	49	43
15	25	5		40	15	29	24
16	29	4		64	13	30	26
17	92	9		13	13	11	8
18	DIED_3GB	DIED_3GB	19.6	28	15	27	18
19	DIED_3GB	214		29	10	26	8
20	81	19		27	9	31	21
21	1005	18		23	9	33	21
22	311	23		23	11	32	22
23	285	11		30	22	29	19
24	1736	107		29	19	29	21
25	DIED_3GB	162		58	21	60	21
26	29	5		18	5	18	6
27	43	12		18	12	13	8
28	DIED_3GB	8		27	13	26	9
29	95	9		22	17	16	12
30	3384	109		50	34	45	30
31	2730	20		182	16	60	41
32	206	26		61	41	71	48
33	248	18		71	45	87	55
34	198	11		123	38	86	59
35	1234	31		131	40	88	60
36	DIED_3GB	16672		243	37	167	64
37	3831	5311		176	47	106	64
38	1995	16		15	10	102	60
39	DIED_3GB	714		26	9	183	69
40	694	24		16	10	112	64
41	26835	243		37	19	123	66
42	30676	118		46	23	116	70
43	DIED_3GB	21		70	27	173	66
44	79	4		27	19	22	14
45	60	20		60	13	43	29
46	DIED_3GB	46		54	20	122	46
47	66	5		13	9	85	57
48	26278	93		14	9	80	60
49	46	5		15	12	90	61
50	42	6		17	5	15	10
51	47	6		24	18	21	13
52	61	7		17	11	217	153
53	3924	16		22	10	244	170
54	1640	6		25	15	245	190
55	143	8		11	7	10	9
56	498	26		22	17	19	14
57	438	41		22	82	18	13
58	393	28		30	24	26	19
59	1821	1925		27	21	28	77
60	1118	70		34	25	30	21
61	461	21		35	26	31	23
62	9716	41416		38	23	29	20
63	DIED_3GB	DIED_3GB	19.1	70	48	63	38
64	DIED_3GB	DIED_3GB	14.0	72	46	69	41
65	209	9		39	27	36	23
66	2337	122		42	29	32	26
67	1386	34		39	29	36	25
68	DIED_3GB	4881		77	31	72	23
69	DIED_3GB	85573		73	26	66	24
70	787	17		37	29	37	26
71	1057	13		40	34	36	27
72	DIED_3GB	49057		78	32	73	27
73	DIED_3GB	1954		106	44	97	36
74	1425	5855		63	41	59	43
75	DIED_3GB	DIED_3GB	18.6	112	76	103	63
76	1362	74147		68	46	64	43
77	DIED_3GB	842		120	49	113	46
78	DIED_3GB	39865		118	42	129	58
79	1547	35		63	48	64	44
80	10684	135		69	46	58	45
81	DIED_3GB	17785		126	51	121	42
82	DIED_3GB	DIED_3GB	13.7	130	81	125	76
83	157	10		12	8	14	12
84	213	11		22	19	21	14
85	84	7		24	20	19	13
86	535	25		22	16	18	14
87	421	21		26	19	21	15
88	991	38		38	28	35	25
89	39373	15399		49	35	33	21
90	418	21		40	28	44	31
91	3689	48		44	37	45	31
92	996	238		41	26	48	31
93	528	22		40	29	46	32
94	DIED_3GB	37		72	31	99	32
95	1171	41		60	16	49	32
96	700	132		48	15	59	34
97	3007	165		48	17	45	31
98	463	40		170	17	59	34
99	5968	299		57	19	52	35
100	DIED_3GB	DIED_3GB	48.5	90	31	89	66
101	450	19		67	16	66	34
102	DIED_3GB	2326		101	17	90	38
103	232	10		34	22	28	16
104	139	8		49	30	44	25
105	5173	29		43	27	38	25
106	216	18		41	15	56	31
107	486	9		45	23	53	37
108	544	695		40	16	56	33
109	19284	250		47	17	55	34
110	179	26		40	18	55	32
111	DIED_3GB	394		69	20	88	34
112	173	18		35	20	29	15
113	43639	DIED_3GB	15.1	35	53	29	45
114	19866	2479		33	26	27	26
115	292	22		22	18	18	16
116	824	29		38	34	34	27
117	212	8957		39	36	37	26
118	7044	42		58	16	49	40
119	730	2021		52	16	46	36
120	14848	14533		59	17	43	44
121	259	44		91	19	52	44
122	DIED_3GB	34982		171	18	108	41
123	1460	14066		90	16	55	47
124	308	21		72	17	52	43
125	DIED_3GB	35		197	20	116	47
126	177	10		23	22	20	18
127	1130	10		37	32	35	29
128	648	25		44	26	132	52
129	2530	42		46	26	68	52
130	6482	546		48	22	68	50
131	5882	239		45	26	69	54
132	10279	2290		52	26	77	54
133	DIED_3GB	3734		113	25	140	60
134	2000	41		95	28	80	59
135	DIED_3GB	4196		183	29	163	60
136	DIED_3GB	188		181	31	150	59
137	DIED_3GB	2895		188	29	150	61
138	967	137		67	48	71	50
139	11555	611		68	48	78	54
140	795	19		206	51	87	53
141	2962	25		94	54	73	54
142	547	20		88	54	73	56
143	3136	32		88	56	75	58
144	DIED_3GB	985		152	46	141	52
145	DIED_3GB	83940		165	56	137	59
146	416	13		43	31	71	53
147	374	19		47	26	73	57
148	685	33		47	27	76	58
149	255	9		53	33	72	56
150	23701	25		55	30	76	57
151	DIED_3GB	15510		109	30	146	54
152	30048	119		98	28	78	62
153	1465	24		133	31	118	64
154	1392	29		145	31	119	63
155	67639	338		129	54	109	54
156	DIED_3GB	31255		163	53	145	52
157	3698	165		161	56	135	60
158	DIED_3GB	862		170	61	141	66
159	DIED_3GB	3211		154	51	137	59
160	92944	DIED_3GB	17.2	168	84	130	83
161	DIED_3GB	6653		173	53	134	60
162	DIED_3GB	13516		164	57	130	51
163	DIED_3GB	1891		174	58	134	57
164	DIED_3GB	24982		166	47	139	48
165	DIED_3GB	9152		165	62	144	53
166	DIED_3GB	33901		170	53	142	75
167	DIED_3GB	140		137	32	139	60
168	DIED_3GB	DIED_3GB	44.2	150	44	140	88
169	462	173		75	27	78	63
170	DIED_3GB	243352		163	49	149	66
171	DIED_3GB	DIED_3GB	15.8	155	48	153	96
172	DIED_3GB	DIED_3GB	15.3	178	57	165	114
173	103	7		53	26	86	44
174	542	14		56	32	86	57
175	291	11		59	34	92	59
176	DIED_3GB	9		81	33	133	56
177	DIED_3GB	139		95	33	134	56
178	DIED_3GB	894		107	33	145	60
179	28543	129		96	57	89	59
180	DIED_3GB	2238		141	55	136	58
181	58927	9		91	56	104	59
182	110990	29		101	64	90	59
183	193	10		18	10	17	14
184	220	11		33	25	29	18
185	92	9		33	23	27	18
186	293	12		27	21	129	80
187	1447	281		32	20	129	81
188	314	21		29	19	132	84
189	118	11		28	23	126	84
190	DIED_3GB	612		33	18	172	86
191	118815	1682		37	20	132	87
192	838	22		16	16	20	10
193	1939	63		48	30	39	26
194	808	22		42	33	35	26
195	1017	61		46	110	35	22
196	1335	46		48	30	41	27
197	991	30		44	30	40	28
198	916	48		47	33	36	29
199	23377	5119		46	36	45	25
200	16603	56		58	33	39	29
201	30181	652		45	31	34	28
202	3125	47		58	41	54	39
203	1083	34		68	44	66	40
204	1293	55		75	46	70	41
205	2584	60		63	43	65	40
206	28565	34		82	44	64	40
207	3096	17388		84	51	76	39
208	1187	361		73	45	69	41
209	DIED_3GB	13057		103	37	96	43
210	7404	364		71	37	66	34
211	1086	31		74	43	72	39
212	542	24		75	45	69	42
213	572	23		69	46	70	44
214	6203	320		69	46	77	43
215	DIED_3GB	499		112	44	106	42
216	9635	688		107	47	98	42
217	DIED_3GB	DIED_3GB	81.2	114	122	106	117
218	85833	110203		103	44	116	41
219	DIED_3GB	104271		114	44	109	40
220	DIED_3GB	DIED_3GB	16.5	116	97	108	91
221	DIED_3GB	14611		112	52	107	45
222	DIED_3GB	DIED_3GB	14.8	112	82	111	82
223	DIED_3GB	57039		109	49	104	47
224	23430	5121		88	49	82	43
225	3566	14959		119	48	111	45
226	50447	574		99	48	93	37
227	20921	5395		111	53	89	45
228	3887	1130		111	50	99	43
229	4080	49		106	49	97	47
230	23193	30994		108	45	99	61
231	62377	71806		101	44	95	40
232	DIED_3GB	3536		104	45	102	47
233	DIED_3GB	2285		106	46	97	52
234	DIED_3GB	35522		111	60	105	41
235	73311	7055		108	53	96	48
236	DIED_3GB	DIED_3GB	14.9	110	68	103	61
237	DIED_3GB	DIED_3GB	17.1	105	68	102	65
238	DIED_3GB	27		113	46	103	47
239	DIED_3GB	233		111	51	104	51
240	DIED_3GB	DIED_3GB	16.4	117	129	109	122
241	233602	DIED_3GB	17.2	128	103	117	95
242	DIED_3GB	391		134	64	130	58
243	DIED_3GB	DIED_3GB	18.5	111	80	129	75
244	DIED_3GB	35580		134	76	135	55
245	DIED_3GB	DIED_3GB	16.6	127	89	137	84
246	1129	21		29	18	26	14
247	715	19		66	31	58	24
248	1391	33		59	25	52	25
249	DIED_3GB	927		45	30	43	26
250	1328	31		83	26	121	56
251	2189	60		92	28	263	54
252	1869	32		88	27	120	56
253	538	22		86	25	122	52
254	741	28		98	26	123	49
255	4907	807		98	30	129	50
256	DIED_3GB	1050		72	31	93	59
257	4154	191		87	29	101	62
258	5041	404		92	33	235	134
259	24891	58		93	33	113	57
260	4515	58		33	20	37	18
261	5855	60		91	47	87	42
262	3673	55		91	51	87	45
263	2288	49		94	47	82	45
264	3478	414		95	54	90	46
265	4866	728		101	54	95	49
266	DIED_3GB	DIED_3GB	25.3	84	61	79	57
267	16705	136		86	37	80	38
